measurement_date,sensor1,sensor2,flag
2024-01-01 00:00:00,101.28699962672347,96.24692641372063,0
2024-01-01 01:00:00,96.20541672162321,107.32961050908561,0
2024-01-01 02:00:00,99.60208634143437,107.72530201494564,0
2024-01-01 03:00:00,99.56471152818831,94.21471081577319,0
2024-01-01 04:00:00,107.27121205388161,95.64012692862396,0
2024-01-01 05:00:00,101.65318223168465,95.14287985339145,0
2024-01-01 06:00:00,106.9413616015627,113.74433713668905,0
2024-01-01 07:00:00,115.22737713991035,105.61432078337943,0
2024-01-01 08:00:00,112.20941121080635,105.63349250609441,0
2024-01-01 09:00:00,104.40950695476518,109.3829394223766,0
2024-01-01 10:00:00,105.57463102238465,102.48980201658009,0
2024-01-01 11:00:00,110.27443878418106,107.09623315899371,0
2024-01-01 12:00:00,100.334361247283,102.76062900180344,0
2024-01-01 13:00:00,105.03494509041218,112.37260216893057,0
2024-01-01 14:00:00,112.46455424061871,105.24174723289008,0
2024-01-01 15:00:00,110.0190745495793,112.44492182920051,0
2024-01-01 16:00:00,157.4654704303998,116.56945244177683,2
2024-01-01 17:00:00,108.78419043654809,111.2906428194068,0
2024-01-01 18:00:00,107.23560110609938,116.59812028988124,0
2024-01-01 19:00:00,108.5976602822614,106.9966804664913,0
2024-01-01 20:00:00,113.67365744140403,107.65093667390472,0
2024-01-01 21:00:00,113.33798719290203,115.24149472888784,0
2024-01-01 22:00:00,125.81283568075622,113.59644178597516,0
2024-01-01 23:00:00,113.16385587028144,108.10193874588312,0
2024-01-02 00:00:00,115.90885246618346,113.2217245716492,0
2024-01-02 01:00:00,120.51286467130896,122.10076600724439,0
2024-01-02 02:00:00,115.98487267960523,112.99576032381064,0
2024-01-02 03:00:00,119.71251890582478,117.06039075815845,0
2024-01-02 04:00:00,119.29504125543966,115.36486730167013,0
2024-01-02 05:00:00,121.86833298332867,118.64800348768738,0
2024-01-02 06:00:00,110.9799865060655,119.7658320177727,0
2024-01-02 07:00:00,122.37049218557405,121.28718702802706,0
2024-01-02 08:00:00,117.92605674967903,121.21952432133588,0
2024-01-02 09:00:00,119.81355953283733,123.003778551762,0
2024-01-02 10:00:00,117.17816543815583,121.24247365170069,0
2024-01-02 11:00:00,127.61376017474133,120.29671665488058,0
2024-01-02 12:00:00,109.26321258817386,116.9279973525449,0
2024-01-02 13:00:00,126.64791439619664,104.28288538836694,0
2024-01-02 14:00:00,116.38158091849161,117.8008211727898,0
2024-01-02 15:00:00,127.51916987084465,115.89724827805446,0
2024-01-02 16:00:00,126.05015575989094,116.42806838530836,0
2024-01-02 17:00:00,125.06095667968147,111.29905071057635,0
2024-01-02 18:00:00,124.14064991174851,123.75404128993561,0
2024-01-02 19:00:00,131.31747763681892,110.66624837349971,0
2024-01-02 20:00:00,116.96929759295645,122.03663086556054,0
2024-01-02 21:00:00,116.96789651022277,118.69757501206283,0
2024-01-02 22:00:00,116.49714579358324,121.93715239544332,0
2024-01-02 23:00:00,124.27707373145013,124.00278911662141,0
2024-01-03 00:00:00,113.0027515223822,129.5416691781861,0
2024-01-03 01:00:00,124.37435086183517,126.17737106452691,0
2024-01-03 02:00:00,117.66925520188946,124.40444554889959,0
2024-01-03 03:00:00,113.53910127939082,126.10435442696631,0
2024-01-03 04:00:00,113.22947048510227,118.86159142508541,0
2024-01-03 05:00:00,114.34737630230248,118.7828927188522,0
2024-01-03 06:00:00,110.58916444874646,115.6180932942439,0
2024-01-03 07:00:00,120.25295169845997,119.18562154806796,0
2024-01-03 08:00:00,121.57946239790411,122.88540721680016,0
2024-01-03 09:00:00,121.72785117093284,116.8379087535246,0
2024-01-03 10:00:00,113.39235524068498,116.52073749432263,0
2024-01-03 11:00:00,117.63161065971106,112.89930442746112,0
2024-01-03 12:00:00,115.66265807403836,123.61004647738164,0
2024-01-03 13:00:00,118.61709400112169,115.25249939715131,0
2024-01-03 14:00:00,116.88534823198309,117.46808078668484,0
2024-01-03 15:00:00,114.59353328618617,113.14975151531253,0
2024-01-03 16:00:00,104.31174025871785,115.91949251566436,0
2024-01-03 17:00:00,112.21284800596827,103.95027831973772,0
2024-01-03 18:00:00,113.02417843786195,113.13442013322833,0
2024-01-03 19:00:00,108.40254049141507,108.79100552123477,0
2024-01-03 20:00:00,109.92052333157754,117.80729868184224,0
2024-01-03 21:00:00,104.14451578025283,114.51983009310658,0
2024-01-03 22:00:00,108.39447276448705,108.59914801408614,0
2024-01-03 23:00:00,111.87471627626356,105.72568400094747,0
2024-01-04 00:00:00,119.12297263837098,103.9611245893239,0
2024-01-04 01:00:00,102.93429421239344,110.8062717016463,0
2024-01-04 02:00:00,107.18695013597966,103.84285728054103,0
2024-01-04 03:00:00,101.79823598891065,115.11437913048627,0
2024-01-04 04:00:00,105.43227254338514,100.63649046287303,0
2024-01-04 05:00:00,104.05772049638445,101.87062311806768,0
2024-01-04 06:00:00,108.61487948962295,99.39592012795558,0
2024-01-04 07:00:00,108.58883003521032,96.42382857940434,0
2024-01-04 08:00:00,103.79493611201399,104.93361199021668,0
2024-01-04 09:00:00,101.66682942154448,98.18706851721876,0
2024-01-04 10:00:00,107.42694403481173,107.28296153702505,0
2024-01-04 11:00:00,101.6467821398424,100.90663946897125,0
2024-01-04 12:00:00,107.58220808816742,90.51535844959028,0
2024-01-04 13:00:00,91.08201601633291,94.92742134643127,0
2024-01-04 14:00:00,107.41525263325035,98.2194106467175,0
2024-01-04 15:00:00,94.6720719734979,103.91579974781952,0
2024-01-04 16:00:00,91.58715821218273,94.35139718588351,0
2024-01-04 17:00:00,96.05800121671815,94.60189614457488,0
2024-01-04 18:00:00,89.73106922213245,87.77096228302065,0
2024-01-04 19:00:00,97.66831657297068,100.91681285927629,0
2024-01-04 20:00:00,91.79167723407978,82.81668277957617,0
2024-01-04 21:00:00,94.8311942850593,94.4995079389192,0
2024-01-04 22:00:00,87.80648595848066,92.41732126677681,0
2024-01-04 23:00:00,90.88997822142551,93.40808200249194,0
2024-01-05 00:00:00,91.80698405704982,94.31555362260417,0
2024-01-05 01:00:00,89.71270569013636,95.79049924363699,0
2024-01-05 02:00:00,97.95801079186472,90.03470985678754,0
2024-01-05 03:00:00,92.28841260606718,80.5928098213235,0
2024-01-05 04:00:00,89.75197579880276,96.47975072119672,0
2024-01-05 05:00:00,78.84099278653711,84.89671219394592,0
2024-01-05 06:00:00,89.42115124367764,91.92689477035064,0
2024-01-05 07:00:00,93.13495335029592,85.36234242574005,0
2024-01-05 08:00:00,82.94668622690646,90.03333477812787,0
2024-01-05 09:00:00,84.86609091521032,85.52995599237357,0
2024-01-05 10:00:00,70.21026319879047,83.08370109135285,0
2024-01-05 11:00:00,78.61243442003227,89.1082170785722,0
2024-01-05 12:00:00,73.94317299307279,71.68495905331237,0
2024-01-05 13:00:00,84.42865263612975,81.97062687512539,0
2024-01-05 14:00:00,82.72405704332346,83.36984959416874,0
2024-01-05 15:00:00,82.53643349988077,84.64662663895496,0
2024-01-05 16:00:00,80.4947212294319,79.53041415442645,0
2024-01-05 17:00:00,87.41337371123397,72.41928461668462,0
2024-01-05 18:00:00,75.81660651029675,83.36404623900856,0
2024-01-05 19:00:00,81.29813219110325,75.48653634945394,0
2024-01-05 20:00:00,84.36447094087362,84.24919821689798,0
2024-01-05 21:00:00,80.2253705831763,82.71476198753355,0
2024-01-05 22:00:00,80.43456854540543,80.49494544442142,0
2024-01-05 23:00:00,76.55608532964042,88.06744931680274,0
2024-01-06 00:00:00,78.82659445088511,86.14208693738885,0
2024-01-06 01:00:00,83.9404245728819,74.92512393859386,0
2024-01-06 02:00:00,70.12607255210413,70.9677490622199,0
2024-01-06 03:00:00,79.33561055697945,86.79144736191753,0
2024-01-06 04:00:00,77.13484841601543,91.26049270928678,0
2024-01-06 05:00:00,79.6624534156597,76.09864366076545,0
2024-01-06 06:00:00,88.86590615013037,81.21771894877539,0
2024-01-06 07:00:00,77.78083944129509,74.9637216941796,0
2024-01-06 08:00:00,87.50279694942222,76.46763403266912,0
2024-01-06 09:00:00,85.62729940899881,94.62999671461446,0
2024-01-06 10:00:00,80.37286506526814,82.15306389349988,0
2024-01-06 11:00:00,80.78419958991736,80.54777140070314,0
2024-01-06 12:00:00,81.40761646732159,81.03899534617229,0
2024-01-06 13:00:00,76.5556244882825,74.2588048230501,0
2024-01-06 14:00:00,84.0227377187874,82.59844466438308,0
2024-01-06 15:00:00,78.05884415834069,90.28139652679648,0
2024-01-06 16:00:00,81.56123670470126,88.62924059806593,0
2024-01-06 17:00:00,70.68894182513482,79.02814569861,0
2024-01-06 18:00:00,77.66420919530968,77.42740880274063,0
2024-01-06 19:00:00,84.99318894510489,85.57370243608408,0
2024-01-06 20:00:00,77.06217544825469,82.7612325830831,0
2024-01-06 21:00:00,84.73534147904107,82.38158032896575,0
2024-01-06 22:00:00,80.93907223761002,79.58695170205444,0
2024-01-06 23:00:00,88.85879526030726,87.89219301170328,0
2024-01-07 00:00:00,90.65309019500023,84.55492851008606,0
2024-01-07 01:00:00,85.7286901306638,84.54021988616078,0
2024-01-07 02:00:00,85.26462548111735,85.37640255009666,0
2024-01-07 03:00:00,86.06004494790454,87.78179174432829,0
2024-01-07 04:00:00,86.28932139636188,81.2629486731658,0
2024-01-07 05:00:00,92.91253468941966,81.55474080827565,0
2024-01-07 06:00:00,100.05452738933757,74.65814781282543,0
2024-01-07 07:00:00,81.45629065465522,89.64658771845713,0
2024-01-07 08:00:00,83.59223557029033,98.19598646211963,0
2024-01-07 09:00:00,96.1752067901264,94.4406038560973,0
2024-01-07 10:00:00,84.28862703253625,89.78130001085628,0
2024-01-07 11:00:00,83.7945001099763,84.8667469609499,0
2024-01-07 12:00:00,101.89918239523134,89.34409163629817,0
2024-01-07 13:00:00,90.6307850860799,88.65155059246348,0
2024-01-07 14:00:00,91.44245239596597,94.29210730966629,0
2024-01-07 15:00:00,144.9783360478617,91.91651615972403,2
2024-01-07 16:00:00,97.011600158824,96.14174701121875,0
2024-01-07 17:00:00,89.15811869489431,92.59967488357496,0
2024-01-07 18:00:00,104.42152744381029,88.59519630533669,0
2024-01-07 19:00:00,100.0469994767549,104.65982436932747,0
2024-01-07 20:00:00,96.76015351763701,90.11602107963773,0
2024-01-07 21:00:00,95.0021824806284,91.3769224455902,0
2024-01-07 22:00:00,99.04668282856989,94.62509582008371,0
2024-01-07 23:00:00,104.47202437159545,96.28585700897699,0
2024-01-08 00:00:00,113.08721314318103,103.77723997502451,0
2024-01-08 01:00:00,108.29166575732148,102.55202642655334,0
2024-01-08 02:00:00,106.5591143070918,99.02877221975271,0
2024-01-08 03:00:00,102.45451822480311,104.61928853637828,0
2024-01-08 04:00:00,109.1433683767166,114.00163558456006,0
2024-01-08 05:00:00,101.9861779385673,105.55156505370996,0
2024-01-08 06:00:00,106.10983559632454,105.52397904980009,0
2024-01-08 07:00:00,111.02986054397746,108.70807643317258,0
2024-01-08 08:00:00,108.92897194681066,101.37560240443428,0
2024-01-08 09:00:00,103.28211627527841,120.58292022142417,0
2024-01-08 10:00:00,99.64295111932248,114.89086007493962,0
2024-01-08 11:00:00,110.50532353465756,105.14093512444873,0
2024-01-08 12:00:00,109.35085698047573,111.47379992911844,0
2024-01-08 13:00:00,113.99532140826327,98.85151549122601,0
2024-01-08 14:00:00,110.28944730881594,111.6315177747985,0
2024-01-08 15:00:00,108.7427233626437,110.65112294269329,0
2024-01-08 16:00:00,116.53616668026012,113.18022803779697,0
2024-01-08 17:00:00,116.85797047689313,108.61683394717873,0
2024-01-08 18:00:00,101.92382894699082,117.90086119976472,0
2024-01-08 19:00:00,105.45017020135616,108.32638064137792,0
2024-01-08 20:00:00,114.25262788330576,119.58351182399153,0
2024-01-08 21:00:00,113.81594628493505,112.06510623415129,0
2024-01-08 22:00:00,113.72611218754832,105.37894720091639,0
2024-01-08 23:00:00,119.27909695411792,112.65796549718713,0
2024-01-09 00:00:00,125.71412172416558,124.56523377001602,0
2024-01-09 01:00:00,110.93471492886286,107.90532294561721,0
2024-01-09 02:00:00,116.18718660494105,111.13072968121348,0
2024-01-09 03:00:00,116.80757619258084,118.53190251715752,0
2024-01-09 04:00:00,118.34697404984854,112.31159169523832,0
2024-01-09 05:00:00,111.56410921491337,115.40083733363261,0
2024-01-09 06:00:00,120.35652674974828,113.96715995087786,0
2024-01-09 07:00:00,118.51475019591933,121.5009786743927,0
2024-01-09 08:00:00,128.81197179757237,117.31759737937588,0
2024-01-09 09:00:00,120.80172056206094,124.86312755177151,0
2024-01-09 10:00:00,115.60881834029847,110.9200133389314,0
2024-01-09 11:00:00,111.83274299140487,126.46196268975899,0
2024-01-09 12:00:00,119.00883466494733,123.34134784727092,0
2024-01-09 13:00:00,115.90308149744939,120.51435245011754,0
2024-01-09 14:00:00,117.65826308272285,121.68818141113344,0
2024-01-09 15:00:00,121.60250649227793,117.33301532871015,0
2024-01-09 16:00:00,121.11916495646625,115.07489299181897,0
2024-01-09 17:00:00,120.95551668452289,128.5277083691462,0
2024-01-09 18:00:00,126.96131274644462,119.28625777177902,0
2024-01-09 19:00:00,122.0257925611532,114.02423682810331,0
2024-01-09 20:00:00,133.51147722209214,122.04615353711716,0
2024-01-09 21:00:00,120.68091882307242,120.92705839558114,0
2024-01-09 22:00:00,117.74213557297304,123.74469092442901,0
2024-01-09 23:00:00,112.1658621591041,117.17897094731025,0
2024-01-10 00:00:00,112.92670050832572,114.87794599996283,0
2024-01-10 01:00:00,123.85259223829375,113.69196203714246,0
2024-01-10 02:00:00,122.35611775888836,113.62154159888978,0
2024-01-10 03:00:00,118.42917297650372,122.16878538474948,0
2024-01-10 04:00:00,117.49558090180867,120.86013628833527,0
2024-01-10 05:00:00,113.8932208813874,122.51343450937175,0
2024-01-10 06:00:00,117.18753945825091,120.21098497991485,0
2024-01-10 07:00:00,118.29975274062633,114.9352383189595,0
2024-01-10 08:00:00,107.23207857133659,128.9579849756533,0
2024-01-10 09:00:00,120.56044952024928,115.95884642287783,0
2024-01-10 10:00:00,106.38855618389383,107.68321015596997,0
2024-01-10 11:00:00,117.77684725257835,120.17561447721562,0
2024-01-10 12:00:00,115.41313803089608,113.6599217299555,0
2024-01-10 13:00:00,116.61980482181337,113.67672073733,0
2024-01-10 14:00:00,111.41854295545198,113.44116579493243,0
2024-01-10 15:00:00,122.60952686282833,115.79532099846902,0
2024-01-10 16:00:00,117.1939171566105,107.65441796371813,0
2024-01-10 17:00:00,116.22282908288093,110.83482834582571,0
2024-01-10 18:00:00,111.57511801193984,112.45542426791035,0
2024-01-10 19:00:00,111.50013193771473,118.35521718366309,0
2024-01-10 20:00:00,115.6948915987754,106.94666187752884,0
2024-01-10 21:00:00,117.15209511615315,107.63051916204591,0
2024-01-10 22:00:00,117.00087562776558,115.84887865267164,0
2024-01-10 23:00:00,109.11343607361715,112.30712967831496,0
2024-01-11 00:00:00,108.9611815243167,109.48050856612332,0
2024-01-11 01:00:00,109.65324157480404,104.2606610662069,0
2024-01-11 02:00:00,105.99791601963656,112.50763375791296,0
2024-01-11 03:00:00,103.05925664156327,106.38907073582578,0
2024-01-11 04:00:00,106.72739941586906,106.2517417206957,0
2024-01-11 05:00:00,107.54299415838055,105.5637415595613,0
2024-01-11 06:00:00,107.06893956420463,104.90083976233613,0
2024-01-11 07:00:00,103.3405538546814,107.87635820789302,0
2024-01-11 08:00:00,99.69065004804854,101.43726779516301,0
2024-01-11 09:00:00,104.73561958832161,90.56894561044592,0
2024-01-11 10:00:00,103.49959053155875,99.68327258260501,0
2024-01-11 11:00:00,96.15258929819579,100.41992964778757,0
2024-01-11 12:00:00,104.74414631269087,100.51369718522473,0
2024-01-11 13:00:00,103.05132533995979,95.64374592652484,0
2024-01-11 14:00:00,98.29606297973406,91.71345211919123,0
2024-01-11 15:00:00,91.48950200629825,100.32671067203172,0
2024-01-11 16:00:00,90.9484654928631,100.71514625342917,0
2024-01-11 17:00:00,98.45404147355546,87.85694921582382,0
2024-01-11 18:00:00,92.92235781012027,93.97030075364984,0
2024-01-11 19:00:00,93.45308731633668,90.83327625431984,0
2024-01-11 20:00:00,88.46045288264524,95.51862598072711,0
2024-01-11 21:00:00,97.51072001605374,91.4423494280885,0
2024-01-11 22:00:00,83.23423628074606,85.06886405752032,0
2024-01-11 23:00:00,91.76380955922382,97.7121348507359,0
2024-01-12 00:00:00,93.09830133609296,93.41621177740254,0
2024-01-12 01:00:00,93.71430624940344,88.42802575863035,0
2024-01-12 02:00:00,92.41126440058132,84.7948078143409,0
2024-01-12 03:00:00,83.26170359216715,83.37508920005749,0
2024-01-12 04:00:00,86.6711354900765,87.41442999674865,0
2024-01-12 05:00:00,84.40093056357337,78.47878033779818,0
2024-01-12 06:00:00,81.66972123037536,96.06083187442016,0
2024-01-12 07:00:00,78.15286952242106,83.3758508267381,0
2024-01-12 08:00:00,88.78944000641698,86.04788142314428,0
2024-01-12 09:00:00,91.7558075557768,83.72730460053499,0
2024-01-12 10:00:00,82.48188374601732,86.35119931623623,0
2024-01-12 11:00:00,88.67345843387486,89.35974610814101,0
2024-01-12 12:00:00,87.04643786003076,71.06377529315154,0
2024-01-12 13:00:00,79.38703869968461,87.38203416415602,0
2024-01-12 14:00:00,82.90281668603622,82.82686811039562,0
2024-01-12 15:00:00,83.27329257826611,88.4705850451691,0
2024-01-12 16:00:00,86.37528218049852,84.67981125748001,0
2024-01-12 17:00:00,82.86626930019806,74.52985597395022,0
2024-01-12 18:00:00,73.26603415038947,75.82858369422988,0
2024-01-12 19:00:00,90.82322311835583,87.66525748464436,0
2024-01-12 20:00:00,83.32757246671864,85.47371816385795,0
2024-01-12 21:00:00,76.15122245230114,79.7251385674738,0
2024-01-12 22:00:00,73.20175565184594,84.1782817472565,0
2024-01-12 23:00:00,76.32398810615172,77.60778201240815,0
2024-01-13 00:00:00,78.7485360548537,85.42732440139767,0
2024-01-13 01:00:00,76.95276743489288,78.94054163410522,0
2024-01-13 02:00:00,77.84689566778589,76.30269731467084,0
2024-01-13 03:00:00,75.02835173037711,80.9515359711578,0
2024-01-13 04:00:00,82.83328945629908,78.82490560389766,0
2024-01-13 05:00:00,74.77201390248783,82.51065233586559,0
2024-01-13 06:00:00,82.69438820375277,77.79956797702121,0
2024-01-13 07:00:00,83.40804747837453,79.51041614081049,0
2024-01-13 08:00:00,72.53748440711594,92.58347030975088,0
2024-01-13 09:00:00,77.76377747513655,84.84235488321991,0
2024-01-13 10:00:00,84.76975966547037,78.74666140524191,0
2024-01-13 11:00:00,81.13781170775351,81.21906635885063,0
2024-01-13 12:00:00,84.83303511060294,74.83102094398465,0
2024-01-13 13:00:00,86.1000192314844,88.12702337553742,0
2024-01-13 14:00:00,75.25393687001096,80.05224843385658,0
2024-01-13 15:00:00,78.94120273297897,86.39593533908545,0
2024-01-13 16:00:00,82.82910815569387,86.2943725721989,0
2024-01-13 17:00:00,80.25047135202587,85.92720345833676,0
2024-01-13 18:00:00,83.63153127046246,86.21813334892194,0
2024-01-13 19:00:00,89.6285822107127,87.26611339187053,0
2024-01-13 20:00:00,81.65372603912962,92.72963162025876,0
2024-01-13 21:00:00,84.13005308240648,85.2175566255019,0
2024-01-13 22:00:00,82.80831103514345,85.95729378619659,0
2024-01-13 23:00:00,73.58807545231214,74.06163209390198,0
2024-01-14 00:00:00,80.13288999210998,81.36105778752025,0
2024-01-14 01:00:00,83.7273536901959,78.81568419764871,0
2024-01-14 02:00:00,82.98866969610162,86.88609943258898,0
2024-01-14 03:00:00,89.77614658205587,89.45679379445224,0
2024-01-14 04:00:00,91.74383845779701,89.21969527605651,0
2024-01-14 05:00:00,83.42574563552704,80.17996908967817,0
2024-01-14 06:00:00,92.80717777686687,93.7117655960554,0
2024-01-14 07:00:00,85.43875567067,91.21647964525157,0
2024-01-14 08:00:00,90.18550262552394,88.70924866632738,0
2024-01-14 09:00:00,87.31752746820845,83.66624300037786,0
2024-01-14 10:00:00,83.1965304430061,90.66418383967702,0
2024-01-14 11:00:00,86.67607755201912,93.07850919972286,0
2024-01-14 12:00:00,82.99822987519114,96.90157417205018,0
2024-01-14 13:00:00,95.98710040093542,88.07009367477029,0
2024-01-14 14:00:00,99.43159125421595,90.85721783492873,0
2024-01-14 15:00:00,97.88288929116429,89.53108049963812,0
2024-01-14 16:00:00,92.51474744208859,95.83707593196395,0
2024-01-14 17:00:00,98.28918143066153,94.14426681752093,0
2024-01-14 18:00:00,85.74912981201523,95.25784476633054,0
2024-01-14 19:00:00,101.39672543544827,93.14760027982689,0
2024-01-14 20:00:00,106.2693301051865,101.52062329445157,0
2024-01-14 21:00:00,101.07943296852379,102.6325073448937,0
2024-01-14 22:00:00,95.95051251940045,102.3861801066116,0
2024-01-14 23:00:00,103.41502758362564,91.22027178712105,0
2024-01-15 00:00:00,100.2724490860325,101.82141331716716,0
2024-01-15 01:00:00,95.53102210843429,104.18945337441846,0
2024-01-15 02:00:00,94.69068796320846,101.77178552176962,0
2024-01-15 03:00:00,101.07114991524894,104.57258783838809,0
2024-01-15 04:00:00,103.086280112925,108.81690262790607,0
2024-01-15 05:00:00,90.81358125382431,107.21855059597027,0
2024-01-15 06:00:00,118.99808507897077,109.99374910854651,0
2024-01-15 07:00:00,102.94920788716914,114.00893202069904,0
2024-01-15 08:00:00,112.37359478691386,111.5369157440915,0
2024-01-15 09:00:00,106.72835723174153,108.85854239755358,0
2024-01-15 10:00:00,113.64200314911004,109.55516446049806,0
2024-01-15 11:00:00,119.07721943203158,109.70761862555386,0
2024-01-15 12:00:00,105.93602171035936,112.9938561281673,0
2024-01-15 13:00:00,107.62122621488015,110.78075466789784,0
2024-01-15 14:00:00,112.96709684336238,113.35842804620987,0
2024-01-15 15:00:00,115.53141821754798,109.84415519693768,0
2024-01-15 16:00:00,112.3443014089927,110.23243556234918,0
2024-01-15 17:00:00,111.052141196814,115.09876311102664,0
2024-01-15 18:00:00,105.46391901250595,111.19956657197842,0
2024-01-15 19:00:00,113.48313962452629,109.73220113154323,0
2024-01-15 20:00:00,108.45324266252288,113.17855719034986,0
2024-01-15 21:00:00,114.15130223250787,116.24493723822916,0
2024-01-15 22:00:00,120.72028467287026,112.26529907417357,0
2024-01-15 23:00:00,117.07838209769488,123.57834584869397,0
2024-01-16 00:00:00,117.3788927407093,115.55319459543468,0
2024-01-16 01:00:00,108.33349104852556,111.47678971098782,0
2024-01-16 02:00:00,118.92104903670341,130.2096100094363,0
2024-01-16 03:00:00,114.25145765359996,115.44679176978165,0
2024-01-16 04:00:00,107.58972477535684,126.74034319794654,0
2024-01-16 05:00:00,124.29558697385214,121.25865139692871,0
2024-01-16 06:00:00,116.7433332274868,120.47394805386341,0
2024-01-16 07:00:00,118.528887693757,115.02738878768353,0
2024-01-16 08:00:00,120.976992283274,119.55800666588408,0
2024-01-16 09:00:00,125.17006925671299,115.12911086076171,0
2024-01-16 10:00:00,115.33684506017987,122.98813490874807,0
2024-01-16 11:00:00,126.60894635188872,118.83086868716644,0
2024-01-16 12:00:00,119.2736764607111,119.8169684392389,0
2024-01-16 13:00:00,115.6278261076529,130.94054485230942,0
2024-01-16 14:00:00,120.32389030386571,114.94845376278427,0
2024-01-16 15:00:00,116.68941366710017,113.82365607184167,0
2024-01-16 16:00:00,119.42897488997525,117.80102351383842,0
2024-01-16 17:00:00,127.51067850620106,123.05155957778355,0
2024-01-16 18:00:00,110.54409369065105,128.5797988323771,0
2024-01-16 19:00:00,120.31384968417173,117.98625303343924,0
2024-01-16 20:00:00,119.85897115611544,124.63000676621876,0
2024-01-16 21:00:00,118.29638510070407,116.5545372455924,0
2024-01-16 22:00:00,117.44582398685765,119.84263233597035,0
2024-01-16 23:00:00,123.05343779700777,110.56963441029761,0
2024-01-17 00:00:00,116.4681111311202,112.60867223639207,0
2024-01-17 01:00:00,104.8451681578695,124.0228595683951,0
2024-01-17 02:00:00,111.56303274761987,124.65569735897216,0
2024-01-17 03:00:00,117.3281469928457,123.88939161280425,0
2024-01-17 04:00:00,123.14437977073666,120.94941148107314,0
2024-01-17 05:00:00,121.10237005151633,104.8707432519286,0
2024-01-17 06:00:00,107.22610411316633,114.57636877643826,0
2024-01-17 07:00:00,120.45041691229028,110.47157693171462,0
2024-01-17 08:00:00,117.85831344668486,117.48640438427815,0
2024-01-17 09:00:00,114.29522053128785,115.89256071052222,0
2024-01-17 10:00:00,113.97389088426706,121.37612081659171,0
2024-01-17 11:00:00,119.02094404209438,124.1706495105345,0
2024-01-17 12:00:00,117.09386846244173,121.38882846752978,0
2024-01-17 13:00:00,110.10660224640502,117.20124222260932,0
2024-01-17 14:00:00,109.21622244555802,123.09060492723208,0
2024-01-17 15:00:00,114.69481807791877,112.6008505778182,0
2024-01-17 16:00:00,122.86545963294358,118.78574831088703,0
2024-01-17 17:00:00,118.2967882963773,110.07083129256505,0
2024-01-17 18:00:00,115.44084220214323,114.28865436843675,0
2024-01-17 19:00:00,106.5391321497179,117.15055725153236,0
2024-01-17 20:00:00,107.19243931799286,113.45796867134936,0
2024-01-17 21:00:00,113.9458333411783,107.11013812014762,0
2024-01-17 22:00:00,113.99880959464586,111.08490726296958,0
2024-01-17 23:00:00,105.30040698211668,114.40344715360744,0
2024-01-18 00:00:00,107.8374004774353,113.50942708340405,0
2024-01-18 01:00:00,103.80598778453111,121.30469386617472,0
2024-01-18 02:00:00,104.40640540194144,111.013504934535,0
2024-01-18 03:00:00,111.63328028680566,109.02749066824704,0
2024-01-18 04:00:00,104.47780818988078,98.08138997968744,0
2024-01-18 05:00:00,100.5283292317575,103.43148932716713,0
2024-01-18 06:00:00,97.02522481918342,98.72665744429139,0
2024-01-18 07:00:00,102.98325516077007,112.19673530512193,0
2024-01-18 08:00:00,101.4317283937335,102.24535504654584,0
2024-01-18 09:00:00,109.46268574508233,96.12152157823849,0
2024-01-18 10:00:00,97.23063896819669,102.1875834184174,0
2024-01-18 11:00:00,95.95905802843771,101.07588080009775,0
2024-01-18 12:00:00,103.13320895830087,103.45636289892033,0
2024-01-18 13:00:00,100.34186355495963,101.65078831842419,0
2024-01-18 14:00:00,98.4757010969992,101.67648524479056,0
2024-01-18 15:00:00,98.56577357243404,97.67291525683981,0
2024-01-18 16:00:00,94.70924411242945,98.82007753130624,0
2024-01-18 17:00:00,96.66247748017365,87.69421853288071,0
2024-01-18 18:00:00,99.36572291439057,87.725636685953,0
2024-01-18 19:00:00,89.21500063176497,93.60873605810131,0
2024-01-18 20:00:00,98.54114906017472,92.74304195632176,0
2024-01-18 21:00:00,98.73573018564102,86.26429016724462,0
2024-01-18 22:00:00,90.09431364048139,98.65232973537219,0
2024-01-18 23:00:00,106.4863698604159,92.60623022482919,0
2024-01-19 00:00:00,100.75625087362323,89.31320416862957,0
2024-01-19 01:00:00,82.13823756707475,92.35980231109912,0
2024-01-19 02:00:00,95.09839041574395,94.06091569614603,0
2024-01-19 03:00:00,93.12004532427228,80.99031159047533,0
2024-01-19 04:00:00,83.32204499410042,92.82641992998354,0
2024-01-19 05:00:00,90.6983541174991,89.34118173101382,0
2024-01-19 06:00:00,85.1775961490568,91.04208157273402,0
2024-01-19 07:00:00,91.43335618194217,90.53743928541947,0
2024-01-19 08:00:00,81.54062299586685,81.12326925923732,0
2024-01-19 09:00:00,80.90973172289324,92.1350069432282,0
2024-01-19 10:00:00,94.77837695036837,90.23335537200802,0
2024-01-19 11:00:00,85.03479323205728,92.12490236312442,0
2024-01-19 12:00:00,88.24352181868511,79.65685493988406,0
2024-01-19 13:00:00,88.84900631956727,86.8961885475015,0
2024-01-19 14:00:00,82.81594558336447,79.62181266565247,0
2024-01-19 15:00:00,80.9782001065808,77.74122359557543,0
2024-01-19 16:00:00,85.2358358378382,89.34075187634826,0
2024-01-19 17:00:00,91.26123653179529,79.14262517046572,0
2024-01-19 18:00:00,82.77376022482862,84.51194056048897,0
2024-01-19 19:00:00,83.81123097949452,81.03631711682769,0
2024-01-19 20:00:00,80.47174524125815,86.30667405062212,0
2024-01-19 21:00:00,82.86330842726436,79.07918128724404,0
2024-01-19 22:00:00,78.4023889000856,83.14840663991548,0
2024-01-19 23:00:00,82.53411414200382,84.97860634051624,0
2024-01-20 00:00:00,85.46320210825144,66.2413696254522,0
2024-01-20 01:00:00,87.55865619022002,79.61296454903355,0
2024-01-20 02:00:00,84.95923624900226,74.05458994188962,0
2024-01-20 03:00:00,82.45782910734353,88.18707616330553,0
2024-01-20 04:00:00,89.9716578165393,84.12914855054045,0
2024-01-20 05:00:00,79.74283939218158,80.57968935940467,0
2024-01-20 06:00:00,79.14961182222167,84.47907536370468,0
2024-01-20 07:00:00,70.90826627099995,81.98660697216029,0
2024-01-20 08:00:00,81.7181456487638,76.96803102735392,0
2024-01-20 09:00:00,83.53408709939335,87.96502163505278,0
2024-01-20 10:00:00,85.8578320753511,89.45949781455391,0
2024-01-20 11:00:00,79.83575775386143,85.56950836126971,0
2024-01-20 12:00:00,92.1678493720908,85.85605720252114,0
2024-01-20 13:00:00,85.15431098314298,80.97536819143087,0
2024-01-20 14:00:00,75.60861488342776,78.90113826025087,0
2024-01-20 15:00:00,83.13704825266251,85.75087231585353,0
2024-01-20 16:00:00,81.35794820681873,78.24674544287399,0
2024-01-20 17:00:00,88.3959061650994,81.54755016140098,0
2024-01-20 18:00:00,82.26121431645565,80.52398043034724,0
2024-01-20 19:00:00,78.19466651370867,77.53402505218558,0
2024-01-20 20:00:00,84.30932771245432,85.65535917361484,0
2024-01-20 21:00:00,80.39772272481775,82.78673529153065,0
2024-01-20 22:00:00,74.75973569456656,82.91830500384957,0
2024-01-20 23:00:00,79.7259988596176,92.36210279662822,0
2024-01-21 00:00:00,85.16086619432899,81.63087020965311,0
2024-01-21 01:00:00,82.15068567921821,79.66152808035828,0
2024-01-21 02:00:00,91.89403438868798,81.74209245282137,0
2024-01-21 03:00:00,79.28274720627455,87.96885143427642,0
2024-01-21 04:00:00,82.55884510072417,93.02233114089816,0
2024-01-21 05:00:00,81.98005368357627,87.69739116042409,0
2024-01-21 06:00:00,88.38713397688448,82.30081452165572,0
2024-01-21 07:00:00,95.05687342776902,79.35432494534012,0
2024-01-21 08:00:00,88.84849534664833,86.81365866461927,0
2024-01-21 09:00:00,88.39768916464018,96.55528197055867,0
2024-01-21 10:00:00,96.28388041733922,91.80541862635273,0
2024-01-21 11:00:00,102.25053729718954,86.25898029806353,0
2024-01-21 12:00:00,93.32007344599674,92.69600915927698,0
2024-01-21 13:00:00,82.34668484659835,88.60860479059002,0
2024-01-21 14:00:00,86.42457415231581,91.49207756340495,0
2024-01-21 15:00:00,96.1434189311804,97.47344385764401,0
2024-01-21 16:00:00,96.00479668482667,98.66171199226066,0
2024-01-21 17:00:00,84.17510219278543,96.9011343171581,0
2024-01-21 18:00:00,98.1456364286691,91.72496312683488,0
2024-01-21 19:00:00,99.50700157391083,99.18803984288331,0
2024-01-21 20:00:00,90.31156330386007,96.66919229241671,0
2024-01-21 21:00:00,105.95775070155221,94.17581641602945,0
2024-01-21 22:00:00,99.39370687815303,93.54576339878851,0
2024-01-21 23:00:00,102.07122507827208,97.68994306450614,0
2024-01-22 00:00:00,97.29074380440848,100.61281065512085,0
2024-01-22 01:00:00,109.32301242580148,100.41631898666532,0
2024-01-22 02:00:00,113.28747265485144,86.41345004736353,0
2024-01-22 03:00:00,103.25278179519835,100.38782746012451,0
2024-01-22 04:00:00,110.64646061635173,112.32982069454907,0
2024-01-22 05:00:00,98.24330147535787,97.3573032265878,0
2024-01-22 06:00:00,104.83353575508077,109.69729681749446,0
2024-01-22 07:00:00,100.59699184026317,109.17104467075097,0
2024-01-22 08:00:00,105.1552897252094,106.94639406933159,0
2024-01-22 09:00:00,102.1378461833851,114.61507865148224,0
2024-01-22 10:00:00,105.95326007621554,103.36678825281766,0
2024-01-22 11:00:00,111.41130820114512,108.01469288430908,0
2024-01-22 12:00:00,100.60903489918667,108.37546034525833,0
2024-01-22 13:00:00,103.19036022007126,113.03584938260374,0
2024-01-22 14:00:00,108.07881069197853,114.5900046324859,0
2024-01-22 15:00:00,113.82280764809762,125.91477543103332,0
2024-01-22 16:00:00,120.13632344624371,110.5582347830174,0
2024-01-22 17:00:00,110.07743076160783,116.50218795720126,0
2024-01-22 18:00:00,112.27093356098982,120.95405260538344,0
2024-01-22 19:00:00,110.81235202933101,113.75008162875436,0
2024-01-22 20:00:00,110.65405036363491,114.54730218268745,0
2024-01-22 21:00:00,114.92267731942698,122.22550488461378,0
2024-01-22 22:00:00,112.36618632353503,109.5251618969227,0
2024-01-22 23:00:00,119.174281367765,120.36022489493429,0
2024-01-23 00:00:00,114.67685321503652,112.43077471773789,0
2024-01-23 01:00:00,119.20630014519173,116.17413009896374,0
2024-01-23 02:00:00,121.97695420584687,116.12089962224753,0
2024-01-23 03:00:00,120.71573037024974,125.2451247015392,0
2024-01-23 04:00:00,113.66201150982769,112.78571172125682,0
2024-01-23 05:00:00,119.9704544829367,107.68601361811868,0
2024-01-23 06:00:00,121.61187685855631,116.2245811362855,0
2024-01-23 07:00:00,117.41046421598233,113.3226370492678,0
2024-01-23 08:00:00,126.12340865757373,120.09351932090023,0
2024-01-23 09:00:00,118.19443052220147,123.2371331397514,0
2024-01-23 10:00:00,116.56453005978409,122.20092916402089,0
2024-01-23 11:00:00,116.27950858221098,113.28376459697992,0
2024-01-23 12:00:00,120.98003954528323,112.39507598724035,0
2024-01-23 13:00:00,123.34688330163539,122.74746922744461,0
2024-01-23 14:00:00,118.8202399500753,114.54802508843329,0
2024-01-23 15:00:00,125.14006289792688,112.7151159044526,0
2024-01-23 16:00:00,129.7445066451606,128.22504443540555,0
2024-01-23 17:00:00,115.98284231980917,118.74514330659305,0
2024-01-23 18:00:00,123.51158232799625,121.64476645491364,0
2024-01-23 19:00:00,127.14724203025933,122.0522382354512,0
2024-01-23 20:00:00,117.24956216408961,120.98386041884643,0
2024-01-23 21:00:00,113.75274155422926,120.7068082672377,0
2024-01-23 22:00:00,122.81913786570416,121.87948990978627,0
2024-01-23 23:00:00,121.78302492579604,116.7609055421414,0
2024-01-24 00:00:00,116.23014966165276,120.53914257561568,0
2024-01-24 01:00:00,122.05362603645169,116.37729424685253,0
2024-01-24 02:00:00,120.92753519624088,123.29905779673982,0
2024-01-24 03:00:00,118.13176873240337,119.37910478912116,0
2024-01-24 04:00:00,121.64266119202895,118.818509611184,0
2024-01-24 05:00:00,117.00490806167393,120.51211663270011,0
2024-01-24 06:00:00,120.92302138667027,123.93756342184102,0
2024-01-24 07:00:00,105.20799364540927,122.76341207771276,0
2024-01-24 08:00:00,115.11564848122222,120.32174776234591,0
2024-01-24 09:00:00,117.30353036665069,115.81674391860416,0
2024-01-24 10:00:00,110.8488211250311,123.8166811981021,0
2024-01-24 11:00:00,114.86797090020472,112.29560287320547,0
2024-01-24 12:00:00,112.6222397189835,112.54943585250304,0
2024-01-24 13:00:00,115.40890940383889,123.64620810881536,0
2024-01-24 14:00:00,108.17214185720734,110.44147809489479,0
2024-01-24 15:00:00,107.58538768498863,116.98695723665584,0
2024-01-24 16:00:00,108.00673770753228,115.39278738977131,0
2024-01-24 17:00:00,108.0161711596201,112.54421608173308,0
2024-01-24 18:00:00,106.77692819875806,110.26574831891897,0
2024-01-24 19:00:00,111.46107369856433,110.0165091817004,0
2024-01-24 20:00:00,120.61984300393506,106.73199199774783,0
2024-01-24 21:00:00,114.9254484668307,104.52508911504577,0
2024-01-24 22:00:00,101.96221448436202,100.95264775333837,0
2024-01-24 23:00:00,115.64856396894127,109.16398083461456,0
2024-01-25 00:00:00,111.99927108407243,114.80378170463435,0
2024-01-25 01:00:00,107.42207369234352,100.13630354023127,0
2024-01-25 02:00:00,101.73922971837968,109.4384684825351,0
2024-01-25 03:00:00,114.67367280452856,107.80533550611011,0
2024-01-25 04:00:00,101.04397933890066,111.24674305542945,0
2024-01-25 05:00:00,103.51102649529521,109.53625763032832,0
2024-01-25 06:00:00,112.84996904300304,107.84089537301274,0
2024-01-25 07:00:00,105.31294089912943,99.91376641289467,0
2024-01-25 08:00:00,106.62051124389815,103.68402366467245,0
2024-01-25 09:00:00,102.24704354811652,100.97513271541906,0
2024-01-25 10:00:00,100.72824137196076,96.08527041257673,0
2024-01-25 11:00:00,101.39482768433052,103.29281258334314,0
2024-01-25 12:00:00,106.70715771314504,96.07873728881994,0
2024-01-25 13:00:00,99.46149829585674,104.22411290783879,0
2024-01-25 14:00:00,101.83483545692218,101.02638995664674,0
2024-01-25 15:00:00,91.37453669477594,91.27105127121007,0
2024-01-25 16:00:00,99.67802871466749,103.24078996919921,0
2024-01-25 17:00:00,98.11687917557516,97.32649341950467,0
2024-01-25 18:00:00,96.2298582336912,96.09583870369376,0
2024-01-25 19:00:00,100.85789526317896,82.34614524652454,0
2024-01-25 20:00:00,101.68088441893195,90.82177900211845,0
2024-01-25 21:00:00,98.72619022346368,89.3893348682358,0
2024-01-25 22:00:00,93.54877593368239,88.74975577419107,0
2024-01-25 23:00:00,93.25615027455528,86.37867363665586,0
2024-01-26 00:00:00,92.56095979524687,84.8510957873976,0
2024-01-26 01:00:00,95.40389295485485,97.06793730763792,0
2024-01-26 02:00:00,85.06486647505075,86.83168930518748,0
2024-01-26 03:00:00,81.31313505864738,78.27130412309673,0
2024-01-26 04:00:00,94.44445610465696,84.51566422702277,0
2024-01-26 05:00:00,80.63696471315674,84.13365695859156,0
2024-01-26 06:00:00,77.24244220867901,85.76416016686441,0
2024-01-26 07:00:00,94.40494725268871,86.1895948307382,0
2024-01-26 08:00:00,83.38461777683997,87.00334074313976,0
2024-01-26 09:00:00,77.38751769994006,82.73628083008569,0
2024-01-26 10:00:00,90.82015722919107,85.60444034720109,0
2024-01-26 11:00:00,84.54328320779443,99.82108368851017,0
2024-01-26 12:00:00,82.7407115943787,80.1586704633459,0
2024-01-26 13:00:00,82.92226557437327,75.59293630555783,0
2024-01-26 14:00:00,83.32594969999123,88.3547160279574,0
2024-01-26 15:00:00,84.82574201591484,81.0535636705229,0
2024-01-26 16:00:00,79.8706843853377,78.53850374451062,0
2024-01-26 17:00:00,83.36745257946465,75.8971653000396,0
2024-01-26 18:00:00,81.95256375746341,87.88317503381633,0
2024-01-26 19:00:00,69.63244006947394,76.41989182717015,0
2024-01-26 20:00:00,74.09864542610292,91.00731784814566,0
2024-01-26 21:00:00,75.99731954761879,89.31867185932106,0
2024-01-26 22:00:00,79.74161063827425,85.95211958162417,0
2024-01-26 23:00:00,82.77267326164547,78.65808737826816,0
2024-01-27 00:00:00,89.63650306159472,95.05416125941494,0
2024-01-27 01:00:00,74.18066330765755,73.98667284100848,0
2024-01-27 02:00:00,81.55116551676345,80.21465948737155,0
2024-01-27 03:00:00,82.72312849491206,74.52786795398134,0
2024-01-27 04:00:00,85.0847493987617,81.45324041479942,0
2024-01-27 05:00:00,78.94690859236216,81.4734460069711,0
2024-01-27 06:00:00,81.59108441538717,84.05188685511024,0
2024-01-27 07:00:00,81.22260765390787,78.97400883649244,0
2024-01-27 08:00:00,83.21256882155888,83.41065153884506,0
2024-01-27 09:00:00,82.93686751833224,78.51710378289712,0
2024-01-27 10:00:00,65.41803496430893,81.64542763695928,0
2024-01-27 11:00:00,78.93767597327071,76.35062481659487,0
2024-01-27 12:00:00,81.84344731478241,84.50972488690071,0
2024-01-27 13:00:00,72.46005215832248,83.9485937735933,0
2024-01-27 14:00:00,88.14097376222624,78.3444600693294,0
2024-01-27 15:00:00,79.11146840268523,81.34206137645258,0
2024-01-27 16:00:00,86.96118837366245,76.78158242853156,0
2024-01-27 17:00:00,76.19779052274636,89.91507268026024,0
2024-01-27 18:00:00,81.38241151230251,93.24325209227408,0
2024-01-27 19:00:00,82.58276913208091,84.2299390444806,0
2024-01-27 20:00:00,80.0502751153275,90.97508331486682,0
2024-01-27 21:00:00,78.97449433740987,86.1625748122403,0
2024-01-27 22:00:00,85.72551599862904,84.0257881242077,0
2024-01-27 23:00:00,85.1721184484482,79.17633577326689,0
2024-01-28 00:00:00,82.70852132917058,87.41634515040386,0
2024-01-28 01:00:00,90.0641433946221,79.59594509678524,0
2024-01-28 02:00:00,87.66338270209059,85.20788666932314,0
2024-01-28 03:00:00,84.00306032364405,88.84284614357891,0
2024-01-28 04:00:00,78.99635695786627,83.18160324767564,0
2024-01-28 05:00:00,91.9034972914395,81.59332284964617,0
2024-01-28 06:00:00,87.87314003090249,84.20798734265892,0
2024-01-28 07:00:00,83.61594640305557,90.60564425725428,0
2024-01-28 08:00:00,80.19794862113456,88.00054306998265,0
2024-01-28 09:00:00,97.3860968491264,93.32514980859328,0
2024-01-28 10:00:00,90.89815322702414,99.03604249740624,0
2024-01-28 11:00:00,86.56888382954405,86.93064016816349,0
2024-01-28 12:00:00,90.00577489351929,96.45070629721658,0
2024-01-28 13:00:00,82.50468004073613,93.55494699605246,0
2024-01-28 14:00:00,97.57369461585604,90.43830136578299,0
2024-01-28 15:00:00,94.327975097878,90.67350401369018,0
2024-01-28 16:00:00,98.25111499151484,88.72697051119755,0
2024-01-28 17:00:00,86.10823205236285,94.79459214056463,0
2024-01-28 18:00:00,97.1944628573889,87.52598618719263,0
2024-01-28 19:00:00,94.38934597785347,85.28342457234172,0
2024-01-28 20:00:00,99.72023450022866,92.35733037232363,0
2024-01-28 21:00:00,98.19476420353914,97.80682692746231,0
2024-01-28 22:00:00,96.8470853580361,96.10773289011964,0
2024-01-28 23:00:00,94.96187678560487,95.20613777492854,0
2024-01-29 00:00:00,97.46321822246728,97.89563172087766,0
2024-01-29 01:00:00,93.92683507966672,104.72954756815712,0
2024-01-29 02:00:00,100.66116536182173,96.16788979827582,0
2024-01-29 03:00:00,112.0032259179249,102.6198343175697,0
2024-01-29 04:00:00,107.32595059958159,103.04349667856555,0
2024-01-29 05:00:00,108.51065509677439,97.45576039643011,0
2024-01-29 06:00:00,106.12106289988506,108.49966766146727,0
2024-01-29 07:00:00,108.41460803466687,102.22707542788028,0
2024-01-29 08:00:00,105.66689830612194,116.49639708228511,0
2024-01-29 09:00:00,101.50672025638347,103.44569779110718,0
2024-01-29 10:00:00,102.89028516119883,106.69340892079829,0
2024-01-29 11:00:00,113.44038151340646,118.68629670447372,0
2024-01-29 12:00:00,105.64268028479889,113.72937205781585,0
2024-01-29 13:00:00,109.09101027653026,108.6785943284459,0
2024-01-29 14:00:00,114.11775246763979,98.36647698034838,0
2024-01-29 15:00:00,108.59092486482557,116.86348326767174,0
2024-01-29 16:00:00,113.5615906648093,104.82685776175256,0
2024-01-29 17:00:00,106.63369539531355,114.41835585527468,0
2024-01-29 18:00:00,110.75664049980685,112.40460981365682,0
2024-01-29 19:00:00,110.26349850907695,113.92254093701044,0
2024-01-29 20:00:00,116.80022527414361,112.5753033251268,0
2024-01-29 21:00:00,116.88275532707917,111.73236534356693,0
2024-01-29 22:00:00,117.19067444004955,112.4599575088269,0
2024-01-29 23:00:00,114.87957768304153,114.66264185157614,0
2024-01-30 00:00:00,118.10614443239704,110.86153471723497,0
2024-01-30 01:00:00,112.85975672744928,113.57324773822447,0
2024-01-30 02:00:00,114.40671611481301,121.08237408599506,0
2024-01-30 03:00:00,120.4006021420843,109.36346815884271,0
2024-01-30 04:00:00,116.72455643834464,122.65519012653668,0
2024-01-30 05:00:00,113.44646416370142,121.19583849123069,0
2024-01-30 06:00:00,117.99732798772644,132.21438283039058,0
2024-01-30 07:00:00,125.36672130999074,122.16680529128402,0
2024-01-30 08:00:00,117.3430155002346,119.3010453385244,0
2024-01-30 09:00:00,118.95821595197968,121.60896685228961,0
2024-01-30 10:00:00,122.91280212544828,109.74587849787883,0
2024-01-30 11:00:00,124.9780066505326,122.55901222521844,0
2024-01-30 12:00:00,121.44712564896793,115.54122383369452,0
2024-01-30 13:00:00,117.81948495660586,127.39294534574591,0
2024-01-30 14:00:00,124.08304029738457,118.4227794569636,0
2024-01-30 15:00:00,116.65652217551774,121.01328044112054,0
2024-01-30 16:00:00,130.4071673979016,114.89373531705012,0
2024-01-30 17:00:00,116.0363526546692,117.92418815603334,0
2024-01-30 18:00:00,124.03325857525876,118.40382674753057,0
2024-01-30 19:00:00,115.60645193213463,122.85104238114539,0
2024-01-30 20:00:00,126.48609445183153,125.02241215425282,0
2024-01-30 21:00:00,107.85874411643272,117.38721424525326,0
2024-01-30 22:00:00,116.08349110091855,111.64166446466182,0
2024-01-30 23:00:00,110.57977746118758,111.80407517758236,0
2024-01-31 00:00:00,113.83981089140136,124.15661958074796,0
