measurement_date,anomaly_score
2018-06-01 00:00:03,0.3128122010696804
2018-06-01 01:00:02,0.2667480333241431
2018-06-01 02:00:02,0.27291728214385447
2018-06-01 03:00:02,0.28010614879443546
2018-06-01 04:00:02,0.2892643345146657
2018-06-01 05:00:02,0.32931575984337996
2018-06-01 06:00:02,0.3442878115988409
2018-06-01 07:00:02,0.2899333529171752
2018-06-01 08:00:02,0.28614201533996986
2018-06-01 09:00:02,0.2967408765556226
2018-06-01 10:00:02,0.2886497031042315
2018-06-01 11:00:02,0.26783140340648215
2018-06-01 12:00:02,0.3048406395014954
2018-06-01 13:00:02,0.322730240271077
2018-06-01 14:00:02,0.3337301598950686
2018-06-01 15:00:02,0.32655676777662423
2018-06-01 16:00:02,0.29608467614516937
2018-06-01 17:00:02,0.27848129514850084
2018-06-01 18:00:02,0.27247832679211553
2018-06-01 19:00:02,0.28419383524866637
2018-06-01 20:00:02,0.26721127580968096
2018-06-01 21:00:02,0.2993078757482385
2018-06-01 22:00:02,0.2713540080484308
2018-06-01 23:00:02,0.28352023297802087
2018-06-02 00:00:02,0.2848973802394825
2018-06-02 01:00:02,0.29876425035074966
2018-06-02 02:00:03,0.29284907590800335
2018-06-02 03:00:02,0.31566556291746495
2018-06-02 04:00:02,0.30000292565596487
2018-06-02 05:00:02,0.30603549830330357
2018-06-02 06:00:02,0.30979749139428797
2018-06-02 07:00:02,0.30149538200624465
2018-06-02 08:00:02,0.3050119857571665
2018-06-02 09:00:03,0.3078807258419281
2018-06-02 10:00:02,0.3213777187246171
2018-06-02 11:00:02,0.300456692194947
2018-06-02 12:00:02,0.3332492150759863
2018-06-02 13:00:02,0.35115241434470934
2018-06-02 14:00:02,0.34836171134810323
2018-06-02 15:00:02,0.29408094920178013
2018-06-02 16:00:02,0.31670120955757614
2018-06-02 17:00:02,0.29253303491604143
2018-06-02 18:00:02,0.29224065597183974
2018-06-02 19:00:02,0.2464419450591677
2018-06-02 20:00:02,0.27959321186717245
2018-06-02 21:00:02,0.2801437312064815
2018-06-02 22:00:02,0.31955678619403327
2018-06-02 23:00:02,0.29969814873935857
2018-06-03 00:00:02,0.2928553817990544
2018-06-03 01:00:02,0.29609432140420994
2018-06-03 02:00:02,0.2869086229413571
2018-06-03 03:00:02,0.30651295251575483
2018-06-03 04:00:02,0.32364522933944695
2018-06-03 05:00:02,0.2672109810344665
2018-06-03 06:00:02,0.31776943345036895
2018-06-03 07:00:02,0.30626119783594613
2018-06-03 08:00:02,0.27134420792177993
2018-06-03 09:00:02,0.3133442598160735
2018-06-03 10:00:02,0.30490204156620043
2018-06-03 11:00:02,0.31704490633300836
2018-06-03 12:00:02,0.29648074810565844
2018-06-03 13:00:02,0.3204529671647217
2018-06-03 14:00:02,0.2930322660667958
2018-06-03 15:00:02,0.297248529788739
2018-06-03 16:00:02,0.3526580267851331
2018-06-03 17:00:02,0.30778540193485715
2018-06-03 18:00:02,0.28536350910574343
2018-06-03 19:00:02,0.28329536086979984
2018-06-03 20:00:02,0.27122556909418044
2018-06-03 21:00:02,0.2785231616536348
2018-06-03 22:00:02,0.276184267538958
2018-06-03 23:00:02,0.2714262877494121
2018-06-04 00:00:02,0.3160237323272766
2018-06-04 01:00:02,0.3006985259187301
2018-06-04 02:00:02,0.26577627505803825
2018-06-04 03:00:02,0.28289901360523617
2018-06-04 04:00:03,0.3059734731699538
2018-06-04 05:00:02,0.30722770941834
2018-06-04 06:00:01,0.2757637371904131
2018-06-04 07:00:02,0.2931241313053693
2018-06-04 08:00:02,0.2811484774176295
2018-06-04 09:00:02,0.29502692641862044
2018-06-04 10:00:02,0.28459169897511366
2018-06-04 11:00:02,0.2996240542214999
2018-06-04 12:00:02,0.28613881612328484
2018-06-04 13:00:02,0.2955315819253586
2018-06-04 14:00:02,0.2981448837854862
2018-06-04 15:00:02,0.336687675956202
2018-06-04 16:00:02,0.3083510716594525
2018-06-04 17:00:02,0.2725391066915863
2018-06-04 18:00:02,0.31421402766367784
2018-06-04 19:00:02,0.3106442057188043
2018-06-04 20:00:02,0.256833616013616
2018-06-04 21:00:02,0.2904516179087545
2018-06-04 22:00:02,0.263306287195685
2018-06-04 23:00:02,0.3092798656071127
2018-06-05 00:00:02,0.26599906169849485
2018-06-05 01:00:02,0.30852739689357966
2018-06-05 02:00:02,0.26943460903572536
2018-06-05 03:00:02,0.3084154944740185
2018-06-05 04:00:02,0.30582718840435236
2018-06-05 06:00:02,0.2833579806278182
2018-06-05 07:00:02,0.264738764594344
2018-06-05 08:00:02,0.30311386478686253
2018-06-05 09:00:02,0.27750793728976497
2018-06-05 10:00:02,0.278894196044646
2018-06-05 11:00:02,0.3092882744903063
2018-06-05 12:00:02,0.3112996820324234
2018-06-05 13:00:02,0.26238553468188475
2018-06-05 14:00:02,0.28005211515017286
2018-06-05 15:00:02,0.27234763011993607
2018-06-05 16:00:02,0.2837067530936135
2018-06-05 17:00:02,0.2804664634993025
2018-06-05 18:00:02,0.28551132391159584
2018-06-05 19:00:02,0.27889631762226513
2018-06-05 20:00:02,0.25933055882456096
2018-06-05 21:00:02,0.25649808151946807
2018-06-05 22:00:02,0.30631964157511293
2018-06-05 23:00:02,0.2554577647507538
2018-06-06 00:00:03,0.2994276281644532
2018-06-06 01:00:02,0.2924282405236508
2018-06-06 02:00:02,0.26010937445193016
2018-06-06 03:00:02,0.25850562615594663
2018-06-06 04:00:02,0.26704613033229485
2018-06-06 05:00:02,0.3096518001411964
2018-06-06 06:00:02,0.2788602581945069
2018-06-06 07:00:02,0.27660240824500143
2018-06-06 08:00:03,0.2804431069886478
2018-06-06 09:00:02,0.28465797535667814
2018-06-06 10:00:02,0.27979100882643265
2018-06-06 11:00:02,0.27770459793018676
2018-06-06 12:00:02,0.27201855732186037
2018-06-06 13:00:02,0.2836307881559394
2018-06-06 14:00:02,0.2657659603241426
2018-06-06 15:00:02,0.2693419217457673
2018-06-06 16:00:02,0.26735148304655587
2018-06-06 17:00:03,0.30422335933187744
2018-06-06 18:00:02,0.2546576011966422
2018-06-06 19:00:02,0.2556863012929671
2018-06-06 20:00:02,0.26063455885080117
2018-06-06 21:00:02,0.2613355195725634
2018-06-06 22:00:02,0.2546396077871528
2018-06-06 23:00:02,0.25604252828225255
2018-06-07 00:00:03,0.2999723943376147
2018-06-07 01:00:02,0.2620275040459968
2018-06-07 02:00:02,0.28940307581182456
2018-06-07 03:00:02,0.29202990659013905
2018-06-07 04:00:02,0.28824714643781474
2018-06-07 05:00:02,0.26781689732161346
2018-06-07 06:00:02,0.28411274768142347
2018-06-07 07:00:02,0.306583316123901
2018-06-07 08:00:02,0.2686258342430878
2018-06-07 09:00:02,0.2690343170602357
2018-06-07 10:00:02,0.2882759725055094
2018-06-07 11:00:02,0.2965142701116988
2018-06-07 12:00:02,0.2743375141159268
2018-06-07 13:00:02,0.27514877910074587
2018-06-07 14:00:02,0.32275450707257747
2018-06-07 15:00:02,0.2746896967452632
2018-06-07 16:00:02,0.24622231072363826
2018-06-07 17:00:02,0.30361814448381985
2018-06-07 18:00:02,0.2751470544906073
2018-06-07 19:00:02,0.2670640807965065
2018-06-07 20:00:02,0.26659824104002333
2018-06-07 21:00:02,0.30234532431038297
2018-06-07 22:00:02,0.26781895328235716
2018-06-07 23:00:02,0.2657075082084709
2018-06-08 00:00:03,0.26309498699254613
2018-06-08 01:00:02,0.299793290502915
2018-06-08 02:00:02,0.26351268978181625
2018-06-08 03:00:02,0.30014712920266745
2018-06-08 04:00:02,0.2956600508814406
2018-06-08 05:00:02,0.27386645180529295
2018-06-08 06:00:02,0.2634506611399082
2018-06-08 07:00:02,0.3247462783023323
2018-06-08 08:00:02,0.290104996306688
2018-06-08 09:00:02,0.3165793411236809
2018-06-08 10:00:03,0.2939254570905958
2018-06-08 11:00:02,0.30973073174578664
2018-06-08 12:00:02,0.2943642985719517
2018-06-08 13:00:02,0.3160119790886231
2018-06-08 14:00:02,0.28757207838160515
2018-06-08 15:00:02,0.34924232141586503
2018-06-08 16:00:02,0.3490339737423632
2018-06-08 17:00:02,0.3365872814966255
2018-06-08 18:00:02,0.27101281722371584
2018-06-08 19:00:02,0.28382048283616895
2018-06-08 20:00:02,0.2808969394132728
2018-06-08 21:00:02,0.2848849504739285
2018-06-08 22:00:02,0.2555520375504619
2018-06-08 23:00:02,0.2669515967550939
2018-06-09 00:00:02,0.2941515261908645
2018-06-09 01:00:02,0.25472489642466745
2018-06-09 02:00:02,0.25827992510528025
2018-06-09 03:00:02,0.25794495668821493
2018-06-09 04:00:02,0.2602044905336435
2018-06-09 05:00:03,0.2680320924711525
2018-06-09 06:00:02,0.2712842311861577
2018-06-09 07:00:02,0.26728580192116036
2018-06-09 08:00:02,0.2844575341476843
2018-06-09 09:00:02,0.2779151868172713
2018-06-09 10:00:02,0.29184109740822717
2018-06-09 11:00:02,0.2832994382981094
2018-06-09 12:00:02,0.3100601703667476
2018-06-09 13:00:02,0.2681402385280334
2018-06-09 14:00:02,0.27049230130267166
2018-06-09 15:00:02,0.28366357478104753
2018-06-09 16:00:02,0.27462628397294925
2018-06-09 17:00:02,0.27087986225449334
2018-06-09 18:00:02,0.26270758852220444
2018-06-09 19:00:02,0.2601620680485915
2018-06-09 20:00:02,0.29560219711749963
2018-06-09 21:00:02,0.30619524715599505
2018-06-09 22:00:02,0.2609467776704337
2018-06-09 23:00:02,0.2726778768848274
2018-06-10 00:00:02,0.2683662864681088
2018-06-10 01:00:02,0.25550663595818784
2018-06-10 02:00:02,0.2552046599852949
2018-06-10 03:00:02,0.254877312768743
2018-06-10 04:00:02,0.27356122695134744
2018-06-10 05:00:02,0.26529346884855926
2018-06-10 06:00:02,0.277793208505754
2018-06-10 07:00:02,0.2570938308258364
2018-06-10 08:00:02,0.2918243904678547
2018-06-10 09:00:02,0.27574920729232943
2018-06-10 10:00:02,0.2776567679666457
2018-06-10 11:00:02,0.28350310257461253
2018-06-10 12:00:02,0.28535284044172415
2018-06-10 13:00:02,0.28415920144538587
2018-06-10 14:00:02,0.2689121555802945
2018-06-11 01:00:02,0.274406701254789
2018-06-11 02:00:03,0.2570947032477769
2018-06-11 03:00:02,0.2565627756262646
2018-06-11 04:00:03,0.26390436076911994
2018-06-11 05:00:03,0.2764379205613487
2018-06-11 06:00:02,0.28475412989402166
2018-06-11 07:00:03,0.27320986474543635
2018-06-11 08:00:02,0.3195881683479781
2018-06-11 09:00:02,0.31807226446919723
2018-06-11 10:00:03,0.27007064512061685
2018-06-11 11:00:03,0.27617459348883233
2018-06-11 12:00:03,0.27792577133379204
2018-06-11 13:00:03,0.3181054790976922
2018-06-11 14:00:02,0.2890000134387777
2018-06-11 15:00:03,0.2954971728258737
2018-06-11 16:00:03,0.26499395048875635
2018-06-11 17:00:03,0.28086043411464534
2018-06-11 18:00:02,0.2677234028964505
2018-06-11 19:00:03,0.2742888181061178
2018-06-11 20:00:03,0.2563495070670516
2018-06-11 21:00:03,0.26020112332052164
2018-06-11 22:00:03,0.30054157660777414
2018-06-11 23:00:02,0.29102327304349634
2018-06-12 00:00:04,0.2792453733329018
2018-06-12 01:00:03,0.2740675847390498
2018-06-12 02:00:02,0.27319172355639576
2018-06-12 03:00:02,0.2578568914107215
2018-06-12 04:00:03,0.2683233411387726
2018-06-12 05:00:03,0.25527877082709605
2018-06-12 06:00:03,0.2967482891490484
2018-06-12 07:00:03,0.2585587005983574
2018-06-12 08:00:02,0.2960116465232487
2018-06-12 09:00:02,0.2609036375019828
2018-06-12 10:00:03,0.30922749363688445
2018-06-12 11:00:02,0.3029947164448565
2018-06-12 12:00:03,0.25837385979174243
2018-06-12 13:00:03,0.28995381204968723
2018-06-12 14:00:03,0.2743085738300158
2018-06-12 15:00:03,0.2650728702309909
2018-06-12 16:00:03,0.2599903051654789
2018-06-12 17:00:03,0.269865088855662
2018-06-12 18:00:03,0.30939623761133916
2018-06-12 19:00:02,0.26462511497649654
2018-06-12 20:00:04,0.27411177795198083
2018-06-12 21:00:02,0.2599304554633833
2018-06-12 22:00:03,0.26685659796447486
2018-06-12 23:00:03,0.2773412848140469
2018-06-13 00:00:03,0.26812824858794104
2018-06-13 01:00:02,0.2604045288950518
2018-06-13 02:00:02,0.2981071671672901
2018-06-13 03:00:03,0.2704689174552592
2018-06-13 04:00:03,0.2684160369391313
2018-06-13 05:00:03,0.2949178201110861
2018-06-13 06:00:02,0.26465550727176573
2018-06-13 07:00:02,0.29157334068216995
2018-06-13 08:00:03,0.25852587809861255
2018-06-13 09:00:03,0.2633186301870179
2018-06-13 10:00:03,0.2620826193712589
2018-06-13 11:00:02,0.25929689090229535
2018-06-13 12:00:03,0.3037211633545776
2018-06-13 13:00:03,0.2565078234506875
2018-06-13 14:00:03,0.2635643319043639
2018-06-13 15:00:03,0.2762461176102279
2018-06-13 16:00:02,0.2588475408179833
2018-06-13 17:00:03,0.265204999360576
2018-06-13 18:00:02,0.26867612162794857
2018-06-13 19:00:02,0.290392951841752
2018-06-13 20:00:04,0.2779511013884323
2018-06-13 21:00:03,0.3127279073716127
2018-06-13 22:00:03,0.3049143254940262
2018-06-13 23:00:03,0.259008107364808
2018-06-14 00:00:04,0.2780752372712217
2018-06-14 01:00:03,0.33335895302802776
2018-06-14 02:00:02,0.29906898121765924
2018-06-14 03:00:03,0.2786277409382416
2018-06-14 04:00:02,0.28022746537774273
2018-06-14 05:00:03,0.28035299847874057
2018-06-14 06:00:03,0.2790808013164552
2018-06-14 07:00:03,0.26367060519582863
2018-06-14 08:00:03,0.26316387881874487
2018-06-14 09:00:02,0.25990261964557126
2018-06-14 10:00:03,0.2690611180700352
2018-06-14 11:00:02,0.25819077960913495
2018-06-14 12:00:04,0.2588762825515199
2018-06-14 13:00:02,0.2613839161208504
2018-06-14 14:00:03,0.2630486611773452
2018-06-14 15:00:03,0.2789178845641002
2018-06-14 16:00:02,0.3082403551101926
2018-06-14 17:00:04,0.2647218862790621
2018-06-14 18:00:03,0.2624575181058164
2018-06-14 19:00:03,0.3118440345055939
2018-06-14 20:00:02,0.2673504106463214
2018-06-14 21:00:03,0.26021585712016443
2018-06-14 22:00:03,0.30956298186788567
2018-06-14 23:00:03,0.2642352539350459
2018-06-15 00:00:04,0.28084398608309513
2018-06-15 01:00:03,0.2641655751883619
2018-06-15 02:00:02,0.26670279552466547
2018-06-15 03:00:02,0.27987376821377435
2018-06-15 04:00:04,0.2835150991714325
2018-06-15 05:00:03,0.3022297999482005
2018-06-15 06:00:03,0.2673084267474209
2018-06-15 07:00:03,0.3130076271607755
2018-06-15 08:00:03,0.2840163576060869
2018-06-15 09:00:03,0.2780505785691126
2018-06-15 10:00:03,0.26177302919726025
2018-06-15 11:00:03,0.29675132812999927
2018-06-15 12:00:03,0.27820850880192627
2018-06-15 13:00:03,0.26157361888342884
2018-06-15 14:00:03,0.29574745623938364
2018-06-15 15:00:03,0.2940468525776487
2018-06-15 16:00:03,0.27011597071586274
2018-06-15 17:00:03,0.2757497478330245
2018-06-15 18:00:03,0.2568998194798122
2018-06-15 19:00:03,0.2606101182885796
2018-06-15 20:00:03,0.2739304683061562
2018-06-15 21:00:03,0.2649343508293542
2018-06-15 22:00:03,0.2977151062397458
2018-06-15 23:00:03,0.2728239125991029
2018-06-16 00:00:03,0.3377139475140616
2018-06-16 01:00:02,0.3095425167409537
2018-06-16 02:00:03,0.26785573650666855
2018-06-16 03:00:03,0.28720558276302244
2018-06-16 04:00:03,0.3026484756843086
2018-06-16 05:00:03,0.31636713470814687
2018-06-16 06:00:03,0.3001390633947984
2018-06-16 07:00:02,0.3125615557807736
2018-06-16 08:00:03,0.2983217375484731
2018-06-16 09:00:03,0.261745140211675
2018-06-16 10:00:02,0.282239732327412
2018-06-16 11:00:03,0.2791024601333042
2018-06-16 12:00:03,0.2651690167928225
2018-06-16 13:00:03,0.2804115316455349
2018-06-16 14:00:02,0.3132259728023759
2018-06-16 15:00:03,0.3086541737429936
2018-06-16 16:00:03,0.2954781245860261
2018-06-16 17:00:02,0.287422732846467
2018-06-16 18:00:03,0.2999012972716949
2018-06-16 19:00:03,0.25998938389111853
2018-06-17 01:00:03,0.3242270546292442
2018-06-17 07:00:03,0.30918887186266186
2018-06-17 08:00:02,0.26818439539789557
2018-06-17 09:00:03,0.2767447063975364
2018-06-17 10:00:02,0.2783783182361279
2018-06-17 11:00:03,0.28381451193699514
2018-06-17 12:00:03,0.2875816133703066
2018-06-17 13:00:03,0.279760559102106
2018-06-17 14:00:03,0.2666870942573007
2018-06-17 15:00:02,0.27426616095747247
2018-06-17 16:00:03,0.2805469030826568
2018-06-17 17:00:02,0.31995467856512355
2018-06-17 18:00:03,0.2664229294346502
2018-06-17 19:00:03,0.26482258076613613
2018-06-17 20:00:03,0.3045980292550084
2018-06-17 21:00:03,0.2917527685480333
2018-06-17 22:00:02,0.2816519694151412
2018-06-17 23:00:02,0.28789764039704485
2018-06-18 00:00:02,0.28285759754785134
2018-06-18 01:00:02,0.28428028301789615
2018-06-18 02:00:03,0.3050436520698496
2018-06-18 03:00:03,0.30349280532206785
2018-06-18 04:00:03,0.3222676438868697
2018-06-18 05:00:03,0.3207414893358629
2018-06-18 06:00:03,0.3055253134682044
2018-06-18 07:00:03,0.2990831379915029
2018-06-18 08:00:02,0.3166257017710209
2018-06-18 09:00:03,0.27064099788843765
2018-06-18 10:00:03,0.30886211854227386
2018-06-18 11:00:03,0.28925863592000195
2018-06-18 12:00:03,0.2802912090418214
2018-06-18 13:00:02,0.2628010847432399
2018-06-18 14:00:03,0.2747502163132006
2018-06-18 15:00:03,0.30376296607885533
2018-06-18 16:00:03,0.2791074213520624
2018-06-18 17:00:03,0.2616689432316981
2018-06-18 18:00:03,0.3007250456419553
2018-06-18 19:00:03,0.3046736664872637
2018-06-18 20:00:03,0.31536102450797016
2018-06-18 21:00:02,0.28214245105659447
2018-06-18 22:00:03,0.26622401989867367
2018-06-18 23:00:03,0.2779880019928275
2018-06-20 01:00:03,0.2734291509425373
2018-06-20 02:00:03,0.3179418647873621
2018-06-20 03:00:03,0.2741575211175163
2018-06-20 04:00:03,0.3039749631576943
2018-06-20 05:00:03,0.276139811282914
2018-06-20 06:00:03,0.31745421078843533
2018-06-20 07:00:03,0.3149359269050049
2018-06-20 08:00:03,0.31500011090174856
2018-06-20 09:00:03,0.28362929422020466
2018-06-20 10:00:03,0.26341455599357977
2018-06-20 11:00:03,0.29281772930191113
2018-06-20 12:00:02,0.2947500069458831
2018-06-20 13:00:03,0.2744231162275171
2018-06-20 14:00:02,0.2769055284246138
2018-06-20 15:00:02,0.2662239440859051
2018-06-20 16:00:03,0.26207041373431395
2018-06-20 17:00:03,0.3140081137537113
2018-06-20 18:00:03,0.27940165517806104
2018-06-20 19:00:03,0.2923361456097329
2018-06-20 20:00:03,0.28791714926693085
2018-06-20 21:00:03,0.2781986589681308
2018-06-20 22:00:02,0.3096549161203777
2018-06-20 23:00:03,0.29953439050988134
2018-06-21 00:00:04,0.27893733796373454
2018-06-21 01:00:03,0.2832777237330883
2018-06-21 02:00:03,0.3035763592775842
2018-06-21 03:00:03,0.3315144754424455
2018-06-21 04:00:03,0.3297936073928202
2018-06-21 05:00:03,0.28851794381569756
2018-06-21 06:00:04,0.3098370240548929
2018-06-21 07:00:03,0.2674248832381397
2018-06-21 08:00:02,0.29312176711294385
2018-06-21 09:00:03,0.3105118969819537
2018-06-21 10:00:03,0.26567065457288863
2018-06-21 11:00:03,0.30979821278934305
2018-06-21 12:00:03,0.26959764242525064
2018-06-21 13:00:03,0.3144059214747967
2018-06-21 14:00:02,0.26973064812842773
2018-06-21 15:00:03,0.2799498514219914
2018-06-21 16:00:03,0.26679018196883914
2018-06-21 17:00:02,0.2756298266609222
2018-06-21 18:00:03,0.25906878018250223
2018-06-21 19:00:03,0.2706897046361154
2018-06-21 20:00:02,0.30485828223836003
2018-06-21 21:00:02,0.28281551966151375
2018-06-21 22:00:03,0.2754040462059479
2018-06-21 23:00:03,0.31280004553638885
2018-06-22 00:00:03,0.2835793213818352
2018-06-22 01:00:03,0.28911680049911415
2018-06-22 02:00:02,0.28248105981121796
2018-06-22 03:00:03,0.3151031326945891
2018-06-22 04:00:02,0.2911425716180835
2018-06-22 05:00:03,0.30538409711867764
2018-06-22 06:00:02,0.30091019506051303
2018-06-22 07:00:03,0.26815070442917965
2018-06-22 08:00:03,0.2699216678792829
2018-06-22 09:00:02,0.2893502053290584
2018-06-22 10:00:03,0.2767176256653561
2018-06-22 11:00:03,0.2921136378845019
2018-06-22 12:00:02,0.27265831879656655
2018-06-22 13:00:03,0.3168139684494385
2018-06-22 14:00:04,0.29079875693997237
2018-06-22 15:00:03,0.312326059583615
2018-06-22 16:00:03,0.268110611097746
2018-06-22 17:00:03,0.2688579609349695
2018-06-22 18:00:02,0.2776611015239588
2018-06-22 19:00:02,0.29423267337362846
2018-06-22 20:00:03,0.3151452193257638
2018-06-22 21:00:02,0.29363334606103525
2018-06-22 22:00:03,0.33065774625325134
2018-06-22 23:00:03,0.3222522340481958
2018-06-23 00:00:04,0.33322441284895443
2018-06-23 01:00:03,0.331256773902683
2018-06-23 02:00:03,0.31257886547522024
2018-06-23 03:00:03,0.3102542925118378
2018-06-23 04:00:02,0.3082874542664758
2018-06-23 05:00:03,0.29018577410143437
2018-06-23 06:00:03,0.28043846198767525
2018-06-23 07:00:02,0.2856620336815129
2018-06-23 08:00:03,0.27212628000287375
2018-06-23 09:00:03,0.25797269730063754
2018-06-23 10:00:03,0.26271815583489644
2018-06-23 11:00:03,0.2810931326892571
2018-06-23 12:00:03,0.2709525766087266
2018-06-23 13:00:03,0.2664140391370542
2018-06-23 14:00:02,0.2787780663103122
2018-06-23 15:00:03,0.30448580372361306
2018-06-23 16:00:03,0.2616190870625358
2018-06-23 17:00:02,0.2654140785245868
2018-06-23 18:00:03,0.27023283082932537
2018-06-23 19:00:03,0.31031610829296485
2018-06-23 20:00:03,0.26652644694148725
2018-06-23 21:00:03,0.27427490484046896
2018-06-23 22:00:03,0.2736658737796666
2018-06-23 23:00:02,0.26180884801733884
2018-06-24 00:00:03,0.28128493081015293
2018-06-24 01:00:03,0.2807889666760995
2018-06-24 02:00:03,0.27490137617576055
2018-06-24 03:00:03,0.3002385585960211
2018-06-24 04:00:02,0.2762460632481654
2018-06-24 05:00:03,0.3082907841457898
2018-06-24 06:00:03,0.2873767792950066
2018-06-24 07:00:03,0.3010480349620639
2018-06-24 08:00:03,0.2680641693617257
2018-06-24 09:00:03,0.2765770819430205
2018-06-24 10:00:03,0.2602280816528887
2018-06-24 11:00:03,0.27010066640756
2018-06-24 12:00:02,0.3000726478731039
2018-06-24 13:00:03,0.27869481612498265
2018-06-24 14:00:03,0.25637662013407164
2018-06-24 15:00:02,0.2580465860601031
2018-06-24 16:00:03,0.2911698119290638
2018-06-24 17:00:03,0.3079184215286122
2018-06-24 18:00:03,0.2669825985366788
2018-06-24 19:00:02,0.261472639469249
2018-06-24 20:00:02,0.2707931807668205
2018-06-24 21:00:03,0.2609784089296443
2018-06-24 22:00:03,0.2602913374232733
2018-06-24 23:00:03,0.2642738703591912
2018-06-25 00:00:02,0.26340522903752445
2018-06-25 01:00:03,0.2678933778000293
2018-06-25 02:00:02,0.30362259749798703
2018-06-25 03:00:03,0.2757220244861734
2018-06-25 04:00:02,0.27119455307984625
2018-06-25 05:00:03,0.27049996855128894
2018-06-25 06:00:02,0.31062705635055055
2018-06-25 07:00:03,0.2768851556004308
2018-06-25 08:00:03,0.3052856013789243
2018-06-25 09:00:03,0.27062000913783585
2018-06-25 10:00:02,0.28155373299628206
2018-06-25 11:00:03,0.261741043254345
2018-06-25 12:00:03,0.27834342712857557
2018-06-25 13:00:02,0.2624563021463889
2018-06-25 14:00:02,0.25625332229794706
2018-06-25 15:00:03,0.27391584837159516
2018-06-25 16:00:03,0.25854432846316255
2018-06-25 17:00:02,0.27360840936919567
2018-06-25 18:00:03,0.2581943482920518
2018-06-25 19:00:03,0.2665545071921708
2018-06-25 20:00:03,0.26208065552384185
2018-06-25 21:00:03,0.29522169652316155
2018-06-25 22:00:04,0.2795151270542504
2018-06-25 23:00:03,0.26700714363470857
2018-06-26 00:00:04,0.2810901737355007
2018-06-26 01:00:02,0.28337484210702496
2018-06-26 02:00:03,0.33290420901133944
2018-06-26 03:00:04,0.28491818627511684
2018-06-26 04:00:03,0.2875116596354829
2018-06-26 05:00:02,0.3164770822666362
2018-06-26 06:00:03,0.2858247794136756
2018-06-26 07:00:03,0.3206446015651043
2018-06-26 08:00:03,0.2757074182631085
2018-06-26 09:00:03,0.26725668925489093
2018-06-26 10:00:02,0.29384030362634034
2018-06-26 11:00:03,0.26319236711988714
2018-06-26 12:00:03,0.25874683210295285
2018-06-26 13:00:02,0.2558897884694304
2018-06-26 14:00:03,0.26221064956213497
2018-06-26 15:00:03,0.2929957215713286
2018-06-26 16:00:03,0.267077770097809
2018-06-26 17:00:02,0.2597577573118683
2018-06-26 18:00:03,0.266461202113012
2018-06-26 19:00:03,0.3077948095159143
2018-06-26 20:00:02,0.269200599679806
2018-06-26 21:00:02,0.2748239452956575
2018-06-26 22:00:03,0.28445633937339554
2018-06-26 23:00:03,0.28173444651840684
2018-06-27 00:00:02,0.292452477944851
2018-06-27 01:00:02,0.3146617410623137
2018-06-27 02:00:02,0.30511213842482116
2018-06-27 03:00:03,0.3168374864001752
2018-06-27 04:00:02,0.30570075026875404
2018-06-27 05:00:03,0.324185394950089
2018-06-27 06:00:03,0.2896125985316067
2018-06-27 07:00:03,0.3059802450299822
2018-06-27 08:00:03,0.2728223705385709
2018-06-27 09:00:03,0.2887686379182715
2018-06-27 10:00:04,0.3026030039224016
2018-06-27 11:00:03,0.27455356481120197
2018-06-27 12:00:03,0.2680407652190275
2018-06-27 13:00:03,0.2666024714117969
2018-06-27 14:00:03,0.30975009635037665
2018-06-27 15:00:02,0.2631758137239779
2018-06-27 16:00:02,0.27312066147911496
2018-06-27 17:00:03,0.27594450861426206
2018-06-27 18:00:04,0.2622696830325153
2018-06-27 19:00:03,0.26544698672677225
2018-06-27 20:00:03,0.26360336395263795
2018-06-27 21:00:02,0.2742096924270826
2018-06-27 22:00:02,0.28139434834913035
2018-06-27 23:00:03,0.3122672383117679
2018-06-28 00:00:04,0.2751126716730279
2018-06-28 01:00:03,0.29416506803736076
2018-06-28 02:00:02,0.2820063248678872
2018-06-28 03:00:03,0.3177336379870825
2018-06-28 04:00:03,0.3135236916928872
2018-06-28 05:00:03,0.27877505977091716
2018-06-28 06:00:03,0.26984515180312146
2018-06-28 07:00:03,0.2702744869622315
2018-06-28 08:00:03,0.2788553546790097
2018-06-28 09:00:03,0.27958715738151585
2018-06-28 10:00:03,0.26923067250198396
2018-06-28 11:00:03,0.280035332528644
2018-06-28 12:00:03,0.3000789836820468
2018-06-28 13:00:03,0.2813405887892831
2018-06-28 14:00:02,0.2681841275324126
2018-06-28 15:00:02,0.2664901365602611
2018-06-28 16:00:03,0.30192456685806335
2018-06-28 17:00:03,0.26634918588519263
2018-06-28 18:00:04,0.26645565775989516
2018-06-28 19:00:03,0.25838602457995863
2018-06-28 20:00:03,0.294430420123409
2018-06-28 21:00:04,0.27230952185789176
2018-06-28 22:00:03,0.316543619887462
2018-06-28 23:00:03,0.29242188331347896
2018-06-29 00:00:04,0.30264448768664215
2018-06-29 01:00:03,0.3157606760129221
2018-06-29 02:00:03,0.3013075628885569
2018-06-29 03:00:02,0.29889815433043293
2018-06-29 04:00:03,0.28865181584847194
2018-06-29 05:00:03,0.28569040125452616
2018-06-29 06:00:02,0.2769952694223474
2018-06-29 07:00:03,0.3296797366559813
2018-06-29 08:00:03,0.28400022273558195
2018-06-29 09:00:03,0.27316644289795905
2018-06-29 10:00:03,0.23646818134536995
2018-06-29 11:00:03,0.30827631392100663
2018-06-29 12:00:02,0.28085429192663264
2018-06-29 13:00:02,0.2798525200755854
2018-06-29 14:00:02,0.28299843479201664
2018-06-29 15:00:02,0.27804591863575895
2018-06-29 16:00:02,0.27037985537507947
2018-06-29 17:00:02,0.2727748670453332
2018-06-29 18:00:02,0.3121859988594923
2018-06-29 19:00:02,0.29752362385923903
2018-06-29 20:00:02,0.26972957758694444
2018-06-29 21:00:02,0.2680139390516889
2018-06-29 22:00:02,0.2998361886665218
2018-06-29 23:00:02,0.27836354160934745
